FirstName|LastName|Address|DOB
David|Williams|52813 David AlleyNew Connie, NC 96940|1986-11-06
Michelle|Summers|065 Jasmine ParksNorth Andrea, MO 09566|1977-07-18
Bruce|Martin|Unit 5170 Box 2486DPO AA 67627|1988-12-04
Linda|Graham|7697 Graves LakeEwingport, MP 97814|1933-02-05
Daniel|Hernandez|USNV MorrisFPO AE 42666|2010-01-03
William|Villanueva|0996 Kimberly Divide Suite 554Zacharyside, MH 70853|2008-05-17
Matthew|Butler|4125 Ashley PlazaPort Amandahaven, DC 86707|1917-03-16
Andrew|Crosby|7720 Kathryn CornersAndrechester, FM 78135|1999-07-13
Robin|Cannon|8805 Teresa OverpassEast Brandi, IN 50552|1985-01-21
Mitchell|Santos|34273 Diane CommonSouth Rick, PW 98237|1912-06-24
Traci|Harding|99471 Rivera LocksChristopherburgh, MA 75102|1928-06-30
Michael|Shepard|90812 Brianna Village Suite 599Port Stevenville, WV 43884|2008-06-11
Marie|Mcdaniel|USS HillFPO AA 95820|1973-10-02
Linda|Reynolds|9793 Joseph RadialWest Crystalborough, WA 67580|1912-12-13
Leslie|Cooper|9606 Christopher Fork Apt. 018Crosston, ME 71250|1983-02-25
Jessica|Schroeder|6192 Margaret PathChapmanburgh, MP 50260|1926-06-07
Adam|Carter|6758 Love RestGarciaport, GU 05928|2014-12-19
Jonathan|Shelton|352 Alexis Road Suite 956South Annahaven, FL 06818|1973-07-20
Joseph|Miller|30419 Stewart Dam Suite 053Brandonbury, NV 20171|1979-03-26
Stephanie|Hernandez|8296 Beverly PassageHollytown, NC 18861|1950-12-24
Michael|Kelley|84397 Carroll EstateNorth James, WA 09727|1927-11-15
Linda|West|99587 Nguyen Landing Suite 903Lake Jimmy, MA 23346|2006-08-04
Denise|Oneill|884 James PlainSwansonburgh, VT 34998|1972-02-20
Ryan|Burke|2110 Heather Stream Suite 739North Jonathan, WY 95098|1912-06-15
Hannah|Bailey|9944 Taylor AlleyNorth Rachelfort, MN 09652|1990-09-01
Eric|Lee|0088 Sanders Common Apt. 646Timothyville, WA 65315|1951-05-17
Timothy|Taylor|78880 Miller Ramp Apt. 532Smithburgh, KS 09198|1909-08-06
Philip|Roth|498 Victoria FordsSouth Carrie, NE 25998|1933-11-16
Shaun|Patterson|1515 Ian FieldsStephaniefurt, SD 62406|1911-01-20
Madison|Zimmerman|51830 Erica HeightsEast Erica, KY 69480|1919-12-08
Jennifer|Thomas|750 David MillsWatsonville, IN 39937|1978-09-16
Angela|Nguyen|4719 Thompson Forge Suite 798Stacystad, NV 41047|1936-11-28
Denise|Garcia|4911 Lindsey ViaductWest Sarahport, VA 98196|1989-08-29
Javier|Johnson|6180 Ferguson PortSouth Victoria, ME 08719|1956-04-12
Michelle|Johnson|26300 David Alley Suite 145Hernandezborough, MD 61174|2021-03-08
Alexander|Turner|49349 Valenzuela LocksAllenside, VI 66482|1983-03-28
Danielle|Mendoza|58518 Love Unions Suite 724West Sarahville, UT 35068|1993-02-07
Jeanette|Reilly|9896 Jones CovesCourtneystad, DC 61167|2000-11-24
Jo|Lopez|8607 James Way Suite 093Ruizfort, IL 61505|1943-05-07
Rebecca|Clark|984 Powell Stravenue Apt. 803Juliemouth, TX 89235|2018-05-21
Jessica|Webb|22305 Brenda Pass Apt. 560Vincentside, MO 11581|1982-10-06
Holly|Ortega|53509 Jackson LodgeSimsborough, OR 64699|1964-06-08
Julia|Thompson|PSC 8207, Box 2274APO AE 67323|1935-02-28
Shawn|Ford|90079 Woods Mall Apt. 985Port Jennifer, NV 46685|1943-01-02
Jennifer|Bowen|552 Kurt MewsWest Angela, NE 09613|1991-03-10
Valerie|Miller|8401 Angel PrairieMonicaburgh, PA 46315|1911-03-30
Nathaniel|Davis|68839 Mendez Meadow Suite 662West Vincentside, MO 10223|1980-08-13
Joseph|Cummings|78723 Serrano Lakes Suite 515Erikaville, ID 40440|1996-05-12
Jason|Mclean|3567 James RiverBarryton, AL 36140|1969-04-22
Cameron|Lozano|426 Shelly Plaza Suite 247Cunninghamstad, KY 94047|2003-04-15
Kristen|Nelson|0066 Johnson Glen Apt. 324Jamesstad, WY 29720|1957-07-20
Kathy|Duke|012 Mclean WellAndrewberg, MT 14362|2010-02-05
Judy|Webster|35668 Mccormick CourtsColemanside, NV 88533|2021-11-05
Timothy|Oconnell|USNV ReynoldsFPO AP 85578|1935-04-16
Richard|Gutierrez|Unit 2819 Box 3416DPO AE 55188|1993-12-25
Sabrina|Butler|25101 Carl StreetNorth Janice, VI 73852|1932-08-26
Melissa|Giles|4396 Timothy Oval Suite 069Campbellfort, SD 61850|1930-04-14
Ryan|Wilson|99424 Kimberly CliffsSouth Robert, MD 40320|2004-12-25
Glenn|Walker|6244 Charles RestKennethside, WY 46453|1939-03-09
Kimberly|Nguyen|205 Ortiz Brooks Suite 684Lake Sarah, PA 76062|1920-10-26
Angela|Villa|6054 Edward ParkColeton, VI 06267|1966-07-22
Megan|Garcia|26453 Johnson WaySouth Jacobfurt, MN 44780|1998-07-22
Patricia|Armstrong|9400 Emily PinesLake Autumn, SD 14909|1952-08-24
Jackie|Brown|358 Miller Hills Suite 955Smithport, UT 69381|1994-06-25
Thomas|Mills|53263 John Extension Suite 308Lake Josefurt, NC 76582|2012-05-24
Charles|Curry|Unit 2201 Box 1847DPO AA 82481|1942-06-24
Diane|Kelley|61501 Rodriguez MountainKimberlyport, MT 22781|1940-01-30
Aaron|Rivera|0916 Davies WayRoseburgh, MD 87042|1946-09-03
Jose|Clark|5504 Mark MallLake Molly, KY 99133|2009-04-22
Keith|Mccarthy|60954 Erica FallSouth Frank, VI 49615|2017-01-19
Chad|Jones|19743 Megan MotorwayLake Paige, UT 24489|1990-09-08
Sandra|Garcia|665 Jennifer Court Apt. 079New Zachary, MA 38127|1983-07-16
Shawn|Castillo|25428 Hoffman Flats Apt. 303Ferrellmouth, MH 79984|2001-08-19
Jessica|Smith|74147 Griffith Shoal Apt. 315Lake Claireton, WI 84477|1953-12-08
Heidi|York|86623 Rodriguez Mountains Suite 103Rachelhaven, AK 68991|1988-08-16
Patrick|Patterson|27787 Jerome Squares Apt. 943East Ronaldburgh, NY 16627|1994-05-21
Gregory|Smith|69502 Isabella TunnelNorth Jeffreyview, MH 28912|1945-03-11
Billy|Riggs|836 Timothy Ports Apt. 915East Jordanfurt, MP 93299|2021-09-30
Pamela|Krueger|50514 Mccarthy Pass Suite 390Stantonmouth, SD 64942|1921-03-29
Billy|Callahan|2387 Russell Circle Apt. 805South Deannaport, WA 67746|1943-04-23
Brittany|Mccoy|653 Karen Union Apt. 593Port Dwaynefort, MI 95248|1955-08-21
Craig|Collier|076 Stephen Valley Suite 838Cynthiahaven, NM 24524|2013-10-16
Michael|Jones|PSC 3786, Box 1891APO AE 91720|2005-04-20
Molly|Garcia|50763 William FallNorth Ashleyton, AK 25478|1954-11-06
Paula|Lucero|529 Martin Shores Apt. 124Martinchester, WY 96627|1960-07-17
Maria|Clark|90660 Ramos FerryPort Ashley, ID 79048|2009-08-09
Shawn|Fry|1991 Marie Spurs Suite 466South Edwardton, DE 01220|1981-10-14
Brandon|Hampton|428 Gerald GardensSmithbury, MI 32213|2014-02-07
Brad|Herman|2124 Scott Trafficway Apt. 402New Carloshaven, MI 36335|2002-06-15
Stacy|Jordan|6834 Gray Falls Suite 934New Christopher, FM 12162|1941-07-07
Phillip|Woods|29398 Tom CenterNew Laurie, AL 92997|1979-03-11
Richard|Greer|8259 Brown LodgeBrandonville, OK 97556|1943-07-31
Wendy|Hunter|87646 Levine Center Apt. 471Garciaborough, VA 18321|1978-01-09
Carrie|Perez|9690 Odonnell EstateEast Michelleville, NM 06675|2022-01-10
Justin|Holland|1344 Morales Bridge Apt. 793Jeffreyland, UT 01079|1924-09-24
Elizabeth|Schneider|244 Barnett HarborsDerrickborough, MT 48612|2014-10-07
Amanda|Cook|63204 Nicholas Causeway Apt. 426North Janetberg, AR 85417|1920-11-11
Jody|Floyd|USCGC OwensFPO AA 39526|1974-06-12
Eddie|George|4791 Victoria Burgs Apt. 422Pamelaborough, NY 21448|1932-06-02
Javier|Hunter|4966 Amy ViaductStricklandside, TX 74347|1919-07-31
