MaskedFname|MaskedLname|MaskedAddress|DOB
AGzkHw|HQPnps|5EzsOpLTPUWJXHQuqytpnhgZRlgtSRrDXwQcAZjPjtlgSJyeGo9|1982-11-30
CJTLCbBFwRr|BCwt|5quOdlBDXztJxyxaRbVufxlaQquhSqTpplpLvyMg2|1916-02-07
GuPWVd|HpUvt|8HrRLlkUBjKLvDAMXtBlkfExpSIEGfuflmzQQmzPPpXKgNbaDa1|1931-10-20
PKFDypk|BlTNKs|2HTicPVKKWyEfIHzJJolowrFYBIgxjOfV4|1968-01-14
EbeGve|TLJblr|2ZmIqGPlkELoDImZIilzohsKvEpbinDTjSAFLZIWC1|1941-11-21
AUnrWs|HgxQuDn|0HaNwAnEqhzindafMmkhGaQVCWaHVjLRutBMFAcknJNmSWlBU9|2023-03-19
MItDceye|BJnRr|8jgOsCTqjtZTRTOzwriLIvJjUQQoOxEKwEBNlvArYFyfrs6|1994-01-13
JoaXt|PGhVqr|6AbJxJQXCprrrvMXpZFuYIVtzsUpQJdrxeTbWMpeOefdsGz9|2004-06-03
Pcejy|RYnlo|7PrifnzUVpFGdGDRecdmBjXWJcExQtlytnqTI2|1977-01-05
BaNdn|VkHxfs|6aFsIVXfTOkcbUbeTnBTjPfkhSUylZcuOZkVtFmAMYcH8|2020-05-13
VDLXi|RwXh|6QyLYeEHJoXdvXstUNeOsoUSMwJXSeiSuFWUrJJMiMDkpixgoJliqtBmY2|1916-04-20
DxlBd|VtEiAFz|8xylWrphBNJFxHKOqyyDxSZsuohotkVZlaMKRujBxKQPonm9|1953-06-29
GAjg|LzEOIbc|0FxCJyGMUXUxzxgSNmmWTJUvWrWoJPrXPL3|1946-03-06
CJwPBHa|ZcgHba|4wGleHJevvSmqkQyfSNAlMmdlYZMirdzhGQ8|1948-03-12
RRCipt|EDqHs|4BkrTumwjaCEQJMeUDOTqGskxiMTfMekPlqLcQbCr0|1912-11-29
KOGvapka|FxiOur|2HOihNBVxgECbmLwvVITDOeHJLwliihJeVFaCurxxcgKc2|1979-09-16
Afkjln|WYGWy|2qOgRaUbNeoutaiiFPAMpAPBgbIEtZNwWTMJSkUC6|1957-05-19
DCBIROke|BgGhHy|3smOxKVQMgSONwKbgThTGwauvzybIXwUOQqHyOqXLlStLM7|2022-01-18
MSHeYCw|PuNYDl|7cwiMRHilcPDiKdUZvdFvPHiRmeJMsAZeSwbhO5|2009-11-23
TjTzy|WkHPyLps|6jtkTxdLTfiWenGFbkweIIXWZSyZIOtwAiTwZzQe2|2020-10-07
JtVoan|BpKg|7HpiIpvOIfIoGfLRzxtmkLAmfaEeGkcjIekpQFXPhxlFJNglSSkNrX8|2017-02-04
AGDm|BzNoiky|9ikSnTbKaTusBwpvXramFJOVKNOwhhmERpMTWnpLiSPi3|1944-08-30
MyhOmQw|GuGCvr|3ctaUQdQcWFDRTbMOsxbWHSoWFBNPGBNR0|1993-04-21
LOPRa|STzVIRt|0HaZkDNwGKVLRQhCqdClRJHnElEvlvbEieMPwkuwpLDeNGrPB8|1930-05-22
ABzuGa|CTFz|9GLSjPfimFXXRyuPTkwLToXxVBanpgGrsrWLQLIxGGKlRQ9|1992-06-10
DmadWl|TOrQpr|8MYOaSBAtwgrANXArJguYseTJoPxmFGxBFcFeo8|1939-11-09
SLAiba|Wwdgdn|4mYqQEWkCIMdMLSgLNmnwuooeoLkxabchspMjbvmlBgHFUW7|1939-02-17
JNdLDTy|ANKbbysn|1XGpFvCfYqtrVZAbILVHznDIGrptXLHcjzbiKs9|1982-01-09
SLFsfn|WrHge|8OwIkhrybGPBDtqUZXzbzfRChoktHuKCrsCHiss4|1995-12-16
JZAPEyn|WnWNnn|0ZFHXEnxCrdGSoVhkxYpiknWuTvgcWbHjXsjKLkywifWO8|2000-05-29
MFUVRTl|BYXd|2rkvWzGAqaGRseVJBBmXUrxHAQWNxcLlveIzlYvVTDiVIzMA2|1976-07-28
JrzCGHy|VoLPFekHz|6XndGhyStlqRndVmyelDsRTtUTrGwbVkJHItNwRgySQ4|1983-11-09
PUNGma|WWwe|3mbgmpQSrQPmicYTbLHGrGwWgcZczhnPSlWjRlqb7|2013-05-27
BOJwy|JJTgiin|6cOUnBfeWgfNcVYqWyWvnsdePUNARNydbKnPTypzgP0|2024-06-18
RNy|MDrPr|9knaAVZgsMngsMYXGUqzYZWvftdJXDTATQmBdEutAKUObTTsfzK3|1971-06-26
JSnSua|BOETr|7kQXJBcgmbCOwwUfoDOhFqIgSsBwmeYPdxnpPSkOlj6|1963-11-06
RLyzn|PoXse|9nFmGgjmeELBQsPbxxEBepiYktRcgWVDPfXZbCDuFcTTGnyVOPp8|1976-09-11
MVKy|NKQFCWn|8ORisReUYNSjKgzgDUEmWQRpYxwcBsDhXLUPYQSXjhEMoYNq4|1995-12-29
JKbZa|PBTDMUs|9wqKpAyZZCcHaqcoLlvXrNwPzaHkzsDChxWTNDf6|2000-04-19
KmBbwIn|OtKws|4pCMQqZuNjcOPYIULLhUTRdtPwMVPxoeOTWfQo4|1942-09-30
JudFe|GMVSKs|6LMVcaVaNgBINNZalPGQTKmREsGPMANcTIzmRnbXIGLNauEME5|1951-05-23
JlWKUh|SJeIknt|3nUembQYiHJEwUWXZMLaMLrcSiHcsLVGgyVbD0|1965-02-28
WfOby|Wthps|8EraXaIBRruiMIgsnxHpAriaGDAzYBzTTFIGDkWmbtKjxILB3|1909-12-04
RSJmh|PqaIz|9RuCwQRtWVtdGeaaFsIgPpuDfxiFdlDLXkB4|1939-12-07
MLdFRBRh|MQbddr|4DpaAtSuSsICGEmcwVEqbsfpWalZzbNyjlmhjPI9|2011-12-13
Dvnny|SZihAcn|7sOPXAfQfTXOgcocYKTfEljlQPJyGAZXDLt9|2014-01-11
JYyeqda|SDCXs|3stTBKcyfoJCKsbohuIXPaIvspaKLTJDXfwSENbJUKUPHNB3|1968-04-22
WxVfoqm|Hrfl|1OOqzRXeiOiGJxWiXrervYXohludfsnvc7|2010-07-05
MtYie|GaOsur|4mYQjBsvUENNmLYwZInAhZVYktNCDxiUowTdIYoGFPFypPKoZnP4|1977-09-04
AAMxn|Ezqos|1aPizwVsXpsfVhQszWbCHwYwcMRcztonNURPcbcwfpwUdWn8|1993-09-11
JHGl|HrWf|9ZHflxIEbBJDEzhEcrioXlPjImcuVCzcEmODlddXnhGOwxWf1|1921-05-02
Jefny|MIdheUIAOn|4EAzKmHPbUMXjMIsWrCmBNQJSEthkWPVfZWIREkBXCpkiBvw4|2012-10-11
CbCy|BZnzn|8bvCztHMtPdjFGbvxEFeXkZUHbWarsCkTwewJioK9|1936-03-01
MSjNCal|Hfhmhr|4nGbrsyJffMtsNiklByBeSCHEZHQBjDxXVZq0|2022-01-16
CrMVvkl|MCXs|PBdEQzWdvctgZgsFLiLuMsQJLlkij5|1949-04-07
DUPGYl|FETKHr|9kEmewuNsxPpvYXdgFkLityitIOkfmRrNyZUYWaBbnWLDNmNlydqeM0|1954-02-22
CuAVYZa|TRgnbtqn|0lxYoxNwNszOGdkpoupQYjBsqfdsffoKSzGWw9|1979-01-14
MQgeAnl|SfkQh|8uIjZtVkmhDDiYgIbFXmUnSEFrLpBTYlFjnwjDYNWhxAFREG6|2000-08-10
MBvIDWl|WrXbnr|8fcHolSQkrnWwTbLlyTLUsIMYDfsOARoKRIgNPTzaTSJCjGbLoEf0|1941-05-29
CQXLn|SMIgHs|UREEbaMMWzFqvWjEQkHzWSwpJNSMx0|1941-12-13
KfhQn|CbcLryl|3PhtjMHvtWQUleGfnzLgAQfdFfbXAdjYpxgNIkPzCY1|1972-11-02
CFql|Pbvfte|2pCqohUUsbfWIxORBVEpOgOhvAeEjEqnmAKKWvLddpbrwKFGqm2|1963-11-21
FFAGOMa|CyoXBFnl|7DxwhCUaNmDrQewwkZIRZqwBuxGGWXXMmVWRbQYHkvydebs1|1974-09-09
KEqin|CQGxPo|4oXzuEaTqzqkyADuEYlywiRvcxAwWrBzLGU4|1933-03-19
CVPRa|NgoVyn|9tyqMSrphmaBbZaCLGFWSLQFboWvFwWhpdGQZxbkKi0|1954-12-08
RZOn|DXTdn|3BKoxIVEUfUUtHVoGaxeqkecdUQNrfjlCOpLrKbzdHFrIVnXWBmGo9|1909-07-12
KWtFa|HPMVEAfYWn|1LnDDeFVUVjXtsgFhXoeGnDgqDOKEyjAPPqfycylvBeCrkKYAHF3|1969-06-24
VyOCoOya|MFUWvIt|2AQojVQDNZdNcaxOcHayHbHkwpiLzBWAuJgtPThvpK0|2004-10-29
BKyuIIsy|EVYZbZs|PfQpXfyzHozmdFyoCpPpBOqZMHxzh0|1939-04-04
WMFky|HZsfoy|0EzDYgsmsNtCbzXLegPPvQHxRaNzaQhOdHoYkmlUPqjFcg5|1959-10-11
DJela|RSVKYeun|2UUjQCGYEjPKRtljtdcrHpllUlDXZnWQBATQAZ6|1970-08-18
Sdin|GrrKpa|6wykJNhVbLdmWLNtSclwJysRxigMDzTr9|1933-07-13
CDbfbxBVa|HZds|2lqxVCvuqAwsBwwhgHCIHrpcTLabtaduHCTxnKaEjjFpbv0|2020-07-08
MoHbdJhe|CXtnQr|9JgJprIlVjzJmXBlwDlcaaJBGCzBTYtHcIhA8|1966-12-21
AGn|GFOkFMcz|0dpSIwAgIujWZqGYsVNTZgwdcZsBZnoLTuPMyxxERBRbPQaz8|1982-10-08
Lgsi|Kly|5mpRzKDkLuHZbYVSIJIEVEtySHAMOquDNnLilylEVcc9|1979-01-26
Jepgkxy|BaoQy|9AyQRlxVQgXiTSDrPQZJWmheaaCEiLhLZDCx8|2016-07-29
HAYwyYr|RJDMs|6HmHEqGBXwHyBqmnRTdIzQqUwrJBNDGZeAMmHtWxnJNTMQrJ3|1980-08-27
JyzuqeSh|CdBTmkoo|0GAxBPhzhRgiFjJfxsZHRpiHsUFPfBets0|1921-10-10
JNVTdn|BgsLn|2JwqprZRoMNlumrWHwQzFkAEhXONMXQRHKvZCJqbQGCQiLytTBDj7|1956-12-18
MjWRn|VxNiIz|PvpdAKVefPADGOpuNlCQKIyTeqcTn5|1943-02-25
TNWsws|GciGeKWs|1qmwuLJZfPhJWXcWmfvTBsmDllkngmCxoUVipPOrKFzJjOHFH1|1975-10-10
PXSnda|GSHlvXr|9ldFiVRmUxUnNOVOCPnFxSGIctKEejllUDHqgEVwMQcgG6|1965-10-03
DfOGzl|SfBLh|1GNZAXCKKtyAzeIMHzbILwpSnWJukuICNQRtllLtkN7|1982-07-30
SWvDrn|SEEvh|UAGEqQbqarqzBzQKHsVeqhnH2|1909-09-30
JIwTs|BSrZn|3wrIsSOrvQMMBXjOcOihVNtaUYkhHltaQZdjnRRbWEyksFGoHkmZFRv9|1938-07-13
JMTPNPa|SlWzt|7tiqKhNxCfMBnOCqedgcDrbmkmetVZloJPazQmfPTzSycYHxjqblHY6|1998-03-31
KqGUmujy|MiGeTn|0nbYRLHStZWXSJtVSXoxqExcXHehNFbQVbjzXuoxvoWmYEYqANG7|1986-06-30
DegKel|Dvgn|8iBppKqSYUETphaGWIzWhexzdiIcgGdgWDutCHMTofpsuFgJ0|1912-12-28
MDfy|JJveyvn|1tblDKOphdkdWLffTkOfyUaUEHkPqeaZsFI0|1987-06-06
BTFNn|OaQVul|9HDbHmVSrIxQQVKzPOyRVNzhYeBaIZhDzJndviCgYuTjgudonuQQG1|1949-08-16
SVXyTa|PUhpe|6CTkdkzzkGgIbNpJkowFYnUeWQxWcGZzoAcEsahJtjUhcCoij8|2013-12-15
ESccn|Hjdn|8CxwFwxTVEJltANZxxjcDcPcGXelLsddSfObMEZ3|1991-07-19
RJPLrla|SgRw|8BYheZXKaTeOFamHMHfytVzMiuOeFDZsWkBdPtm7|1930-02-25
Dmsa|GUGGnTn|8TsldfNJCguaPxMialACtPUduJnNVWFqavTzUrdTZ4|1968-12-17
NuWwje|GwIiVVDh|5ClGAqajqwhmxcUjlOkShOcCcKDaONGULo9|1961-11-01
SqFwt|SkTSpJlmsd|2CrxheXXXAnJDBTTimarbpobnqZoOyGkfWnx6|1988-08-22
JkLkve|GtiVle|4oXcPIryUgcLAoeZuJwnFkOTYgllOafckbpbgpwEbszaOuhptWyb0|1979-05-11
JRzea|WybjEt|9HpYBcGecsfPyRnkGEtkwDnJbRSHsjgubMeFonBCqAzXjhGNNw1|1979-10-22
KfbNn|FPx|1QlTSpxrvHkUtDNwKGhQiFjqPAqZToRuHHKhaXmWQXShgXpKIswM7|2005-06-01
